grupp,antal_personer,med_fri_commons_bild,utan_commons_bild,licens_okand,andel_procent
Blekinge län,5,4,1,0,80.0
Dalarnas län,11,4,7,0,36.4
Gotlands län,2,1,1,0,50.0
Gävleborgs län,10,5,5,0,50.0
Hallands län,13,5,8,0,38.5
Jämtlands län,4,2,2,0,50.0
Jönköpings län,14,6,8,0,42.9
Kalmar län,8,3,5,0,37.5
Kronobergs län,6,3,3,0,50.0
Norrbottens län,8,3,5,0,37.5
Skåne län,48,24,24,0,50.0
Stockholms län,77,47,30,0,61.0
Södermanlands län,11,5,6,0,45.5
Uppsala län,13,6,7,0,46.2
Värmlands län,10,4,6,0,40.0
Västerbottens län,9,3,6,0,33.3
Västernorrlands län,8,4,4,0,50.0
Västmanlands län,9,3,6,0,33.3
Västra Götalands län,57,22,35,0,38.6
Örebro län,11,4,7,0,36.4
Östergötlands län,15,11,4,0,73.3
